City Name,Cloudiness,Country,Date,Humidity,Lat,Lng,Max Temp,Wind Speed
Nara,75,JP,1579060814,66,34.69,135.8,48.2,13.87
Tuktoyaktuk,90,CA,1579060815,84,69.45,-133.04,3.2,16.11
Kodiak,40,US,1579060822,53,57.79,-152.41,26.6,17.22
Nishihara,40,JP,1579060823,60,26.18,127.76,69.8,11.41
Mier,1,MX,1579060830,78,26.43,-99.15,77.0,4.7
Pangnirtung,100,CA,1579060831,98,66.15,-65.71,-30.78,1.19
Clyde River,75,CA,1579060838,83,70.47,-68.59,-14.8,14.99
Kruisfontein,2,ZA,1579060840,95,-34.0,24.73,65.61,3.65
Mogadishu,40,SO,1579060800,65,2.04,45.34,80.6,11.41
Salalah,0,OM,1579060842,17,17.02,54.09,66.2,16.11
Kalmunai,100,LK,1579060848,64,7.42,81.82,79.34,7.94
Asansol,0,IN,1579060849,51,23.68,86.98,75.99,3.89
Jamestown,90,US,1579060594,74,42.1,-79.24,39.99,14.99
Kapaa,90,US,1579060852,83,22.08,-159.32,77.0,17.22
Aguimes,40,ES,1579060853,47,27.91,-15.45,60.01,1.12
Mataura,0,NZ,1579060854,59,-46.19,168.86,66.9,10.56
Bengkulu,7,ID,1579060855,56,-3.8,102.27,87.53,1.3
Iskateley,66,RU,1579060857,88,67.68,53.15,8.26,6.2
Mujiayingzi,15,CN,1579060858,30,42.12,118.78,18.77,2.57
Vostok,7,RU,1579060859,85,46.49,135.88,5.61,3.15
Longyearbyen,20,SJ,1579060860,76,78.22,15.64,-4.0,9.17
Cloquet,44,US,1579060862,85,46.72,-92.46,15.01,6.93
Butaritari,45,KI,1579060868,79,3.07,172.79,84.36,19.6
Albany,90,US,1579060656,100,42.6,-73.97,41.0,3.36
Ajdabiya,15,LY,1579060871,71,30.76,20.23,58.87,15.19
Saint-Philippe,0,RE,1579060872,62,-21.36,55.77,84.2,3.36
Multan,90,PK,1579060856,100,30.2,71.48,41.0,5.32
Vaini,40,TO,1579060880,74,-21.2,-175.2,84.2,12.75
Atuona,1,PF,1579060881,74,-9.8,-139.03,81.43,18.48
Kismayo,77,SO,1579060882,80,-0.36,42.55,81.82,17.96
Flinders,100,AU,1579060883,45,-34.58,150.86,86.0,13.87
Aklavik,90,CA,1579060884,83,68.22,-135.01,-7.6,2.24
Rio Tinto,40,PT,1579060885,87,41.18,-8.56,60.01,27.51
Malbork,100,PL,1579060887,75,54.04,19.03,44.01,18.34
Saskylakh,0,RU,1579060888,93,71.92,114.08,-18.13,10.65
Esperance,90,AU,1579060890,77,-33.87,121.9,64.4,16.11
Hilo,75,US,1579060892,65,19.73,-155.09,77.0,9.04
New Norfolk,0,AU,1579060893,42,-42.78,147.06,86.0,14.99
Lavrentiya,96,RU,1579060895,95,65.58,-171.0,18.52,4.12
Road Town,1,VG,1579060896,83,18.42,-64.62,77.0,12.75
Suraabad,75,AZ,1579060898,100,40.82,49.47,37.4,9.01
Bandar,88,ID,1579060899,83,2.05,99.75,80.85,3.8
Ingham,90,US,1579060902,80,42.6,-84.38,37.99,9.17
Bredasdorp,96,ZA,1579060910,87,-34.53,20.04,73.99,5.99
Isfahan,0,IR,1579060879,92,32.66,51.68,15.8,4.7
Lompoc,1,US,1579060907,93,34.64,-120.46,53.6,21.47
Codrington,100,AU,1579060927,90,-38.27,141.97,62.1,17.11
Upernavik,100,GL,1579060928,77,72.79,-56.15,-5.98,2.89
Gorele,98,TR,1579060929,75,41.03,39.0,42.8,5.82
Am Timan,0,TD,1579060930,23,11.03,20.28,67.51,4.56
Leningradskiy,97,RU,1579060932,82,69.38,178.42,-5.78,14.52
Cidreira,2,BR,1579060933,85,-30.18,-50.21,76.89,26.91
Yellowknife,75,CA,1579060886,73,62.46,-114.35,-32.8,2.24
Punta Arenas,20,CL,1579060935,70,-53.15,-70.92,42.8,13.87
Redlands,1,US,1579060655,54,34.06,-117.18,57.2,0.18
Bridlington,100,GB,1579060939,87,54.08,-0.19,46.0,12.75
Mackay,2,AU,1579060940,58,-21.15,149.2,91.99,12.75
Alofi,75,NU,1579060941,83,-19.06,-169.92,82.4,8.05
Hobart,0,AU,1579060796,42,-42.88,147.33,86.0,14.99
Rikitea,0,PF,1579060943,78,-23.12,-134.97,78.58,11.86
Bluff,0,NZ,1579060945,54,-46.6,168.33,65.28,11.97
Hithadhoo,100,MV,1579060946,79,-0.6,73.08,81.46,16.53
Bandarbeyla,0,SO,1579060947,65,9.49,50.81,75.27,29.37
Nikolskoye,75,RU,1579060949,93,59.7,30.79,37.99,8.95
Lorengau,100,PG,1579060950,75,-2.02,147.27,83.32,22.03
Harbour Breton,15,CA,1579060952,100,47.48,-55.8,12.0,7.94
Ketchikan,1,US,1579060953,65,55.34,-131.65,17.6,3.36
Mahebourg,40,MU,1579060954,88,-20.41,57.7,82.99,8.05
Busselton,0,AU,1579060956,25,-33.65,115.33,84.0,14.23
Zwedru,10,LR,1579060958,85,6.07,-8.13,68.86,2.59
Port Elizabeth,90,ZA,1579060779,94,-33.92,25.57,71.6,3.36
Somanda,56,TZ,1579060966,88,-3.37,33.95,64.17,4.16
Celestun,0,MX,1579060967,84,20.87,-90.4,77.76,22.21
Cape Town,75,ZA,1579060832,88,-33.93,18.42,72.0,11.41
Port Blair,20,IN,1579060983,69,11.67,92.75,82.4,10.29
Severo-Kuril'sk,95,RU,1579060984,82,50.68,156.12,16.3,36.82
Bay City,90,US,1579060796,80,43.59,-83.89,37.0,6.93
Berlaar,33,BE,1579060987,62,51.12,4.66,54.0,16.11
Guerrero Negro,100,MX,1579060988,78,27.98,-114.06,59.5,10.56
Newport,40,GB,1579060760,93,51.59,-3.0,46.4,8.05
Sumisip,20,PH,1579060991,70,6.42,121.97,89.6,6.93
Petropavlovsk-Kamchatsky,100,RU,1579060992,49,53.05,158.65,24.8,15.66
Cherskiy,100,RU,1579060999,98,68.75,161.3,-8.09,6.4
Hermanus,96,ZA,1579061000,87,-34.42,19.23,73.99,5.99
Ushuaia,75,AR,1579060805,65,-54.8,-68.3,44.6,27.51
Lebu,0,CL,1579061002,69,-37.62,-73.65,53.85,10.96
Kavieng,100,PG,1579061004,77,-2.57,150.8,83.84,18.79
San Patricio,100,MX,1579061005,72,19.22,-104.7,79.66,2.91
Tanabe,75,JP,1579061006,61,33.73,135.37,48.2,19.46
Singaraja,100,ID,1579060718,72,-8.11,115.09,83.26,3.87
Byron Bay,40,AU,1579061008,65,-28.65,153.62,86.0,12.75
Port Alfred,11,ZA,1579061010,97,-33.59,26.89,68.0,3.13
Castro,95,BR,1579061017,94,-24.79,-50.01,63.79,5.5
Vanavara,100,RU,1579061018,94,60.34,102.28,4.95,8.59
Gannan,0,CN,1579061025,84,47.91,123.5,-1.05,1.45
Vardo,90,NO,1579061026,100,70.37,31.11,26.6,18.34
Thayetmyo,0,MM,1579061027,40,19.32,95.18,76.87,2.82
Tuatapere,0,NZ,1579061028,47,-46.13,167.68,69.24,5.44
Rio Gallegos,2,AR,1579061035,70,-51.62,-69.22,44.6,19.46
Tual,99,ID,1579061036,74,-5.67,132.75,84.38,13.56
Les Cayes,0,HT,1579061044,66,18.2,-73.75,81.05,11.32
Katsuura,75,JP,1579061045,87,35.13,140.3,51.01,14.99
Grindavik,75,IS,1579061047,80,63.84,-22.43,35.6,35.57
Voi,15,KE,1579061048,93,-3.39,38.56,68.41,3.62
Arraial do Cabo,0,BR,1579061049,88,-22.97,-42.03,73.4,5.82
Vaitape,77,PF,1579061050,80,-16.52,-151.75,81.05,16.71
Saint George,1,US,1579061057,74,37.1,-113.58,42.8,3.36
Melville,90,US,1579061058,93,40.79,-73.42,45.0,1.48
Avarua,74,CK,1579061066,83,-21.21,-159.78,80.6,14.99
Provideniya,90,RU,1579061067,79,64.38,-173.3,28.4,15.66
Solvychegodsk,100,RU,1579061068,93,61.33,46.92,29.86,7.96
Talnakh,20,RU,1579061069,75,69.49,88.4,-13.0,11.18
Denpasar,75,ID,1579061028,84,-8.65,115.22,86.0,3.36
Bose,26,IT,1579061077,80,45.46,8.01,39.0,3.36
Julio de Castilhos,75,BR,1579061078,94,-29.23,-53.68,77.0,2.24
Plymouth,90,US,1579061085,93,41.83,-70.83,41.0,4.92
Panaba,33,MX,1579061086,92,21.28,-88.27,73.78,9.62
Honiara,90,SB,1579060845,79,-9.43,159.95,84.2,14.99
Ipaba,94,BR,1579061088,94,-19.41,-42.42,71.8,2.01
Acapulco de Juarez,5,MX,1579061095,78,16.86,-99.89,82.4,3.36
Airai,68,TL,1579061096,69,-8.93,125.41,78.31,4.41
Paamiut,27,GL,1579061097,66,61.99,-49.67,11.57,14.61
Pemangkat,69,ID,1579061098,70,1.17,108.97,84.13,5.55
Dikson,100,RU,1579061099,99,73.51,80.55,-13.86,16.73
Morehead,1,US,1579061041,100,37.27,-87.18,48.99,5.3
Bucerias,40,MX,1579061102,94,20.75,-105.33,73.99,4.99
Rebrikha,100,RU,1579061103,86,53.07,82.34,15.53,17.02
Koumac,43,NC,1579061104,47,-20.57,164.28,86.65,5.73
Necochea,37,AR,1579061105,86,-38.55,-58.74,75.99,11.01
Namatanai,100,PG,1579061106,75,-3.67,152.43,85.44,14.03
Dedza,100,MW,1579061129,99,-14.38,34.33,65.21,2.35
Santa Cruz del Sur,0,CU,1579061131,74,20.71,-78.0,76.87,26.26
Ternate,4,ID,1579061133,60,0.8,127.4,88.47,4.88
Nelson Bay,75,AU,1579061135,61,-32.72,152.15,86.0,18.34
Nanortalik,23,GL,1579061137,75,60.14,-45.24,20.25,14.45
Chokurdakh,96,RU,1579061138,100,70.63,147.92,-23.64,1.1
Lagoa,100,PT,1579061140,68,39.05,-27.98,58.64,22.93
Muros,75,ES,1579061142,100,42.78,-9.06,60.01,17.22
Khorramshahr,0,IR,1579061143,76,30.44,48.17,48.2,6.93
Sawakin,47,SD,1579061145,68,19.11,37.33,73.87,11.86
Bilibino,100,RU,1579061147,89,68.05,166.44,2.53,5.57
Bambous Virieux,40,MU,1579061148,88,-20.34,57.76,82.99,8.05
Yoichi,40,JP,1579061044,68,43.2,140.77,24.8,3.36
Oruzgan,56,AF,1579061153,63,32.83,66.0,11.93,8.34
Nurota,90,UZ,1579061156,79,40.56,65.69,26.6,4.7
Thompson,90,CA,1579060889,68,55.74,-97.86,-14.8,6.93
Bubaque,0,GW,1579061160,60,11.28,-15.83,76.91,11.21
Smithers,5,CA,1579061161,75,54.78,-127.17,-20.2,3.36
Matagami,90,CA,1579060952,92,49.75,-77.63,10.4,6.93
Tautira,75,PF,1579061165,74,-17.73,-149.15,84.2,5.82
Eydhafushi,70,MV,1579061167,67,5.1,73.07,80.87,10.85
Dukat,100,RU,1579061168,99,62.55,155.55,-21.68,7.34
Sisimiut,96,GL,1579061170,82,66.94,-53.67,-5.3,9.51
Qaanaaq,76,GL,1579061172,55,77.48,-69.36,-14.94,7.4
Tasiilaq,97,GL,1579061173,61,65.61,-37.64,15.8,5.82
Batagay,23,RU,1579061175,95,67.63,134.63,-29.78,2.77
Ayagoz,100,KZ,1579061177,94,47.97,80.44,13.69,14.38
Yatou,0,CN,1579061178,56,37.15,122.38,33.73,7.78
George Town,20,MY,1579060936,66,5.41,100.34,87.8,5.82
East London,2,ZA,1579060967,100,-33.02,27.91,69.8,5.82
Buncrana,21,IE,1579061183,84,55.13,-7.45,35.35,9.26
Xapuri,91,BR,1579061184,99,-10.65,-68.5,71.15,1.83
Norman Wells,5,CA,1579061186,73,65.28,-126.83,-34.6,2.24
Fortuna,75,US,1579061187,87,40.6,-124.16,43.0,4.7
Waitati,0,NZ,1579061189,60,-45.75,170.57,60.01,17.0
Comodoro Rivadavia,20,AR,1579061190,46,-45.87,-67.5,57.2,16.11
Baoning,90,CN,1579061191,100,25.34,110.03,44.6,4.47
Sao Filipe,100,CV,1579061193,65,14.9,-24.5,71.37,14.2
Barrow,90,US,1579061194,77,71.29,-156.79,1.4,24.16
Sechura,26,PE,1579061196,87,-5.56,-80.82,71.11,9.66
Te Anau,5,NZ,1579060960,72,-45.42,167.72,58.23,1.9
Beringovskiy,100,RU,1579061199,80,63.05,179.32,30.81,28.25
Ciudad del Carmen,5,MX,1579061135,88,18.63,-91.83,78.8,9.17
Los Llanos de Aridane,0,ES,1579061201,29,28.66,-17.92,62.6,8.05
Tiksi,100,RU,1579061203,88,71.69,128.87,-8.48,10.18
San Policarpo,100,PH,1579061205,86,12.18,125.51,80.8,17.49
Honningsvag,100,NO,1579061207,92,70.98,25.97,30.56,36.06
Torbay,75,CA,1579061113,78,47.67,-52.73,15.01,8.05
Anadyr,75,RU,1579061210,92,64.75,177.48,30.2,40.26
Narsaq,86,GL,1579061212,39,60.92,-46.05,12.2,5.82
Doha,20,QA,1579061191,67,25.29,51.53,60.8,8.05
Zherdevka,0,RU,1579061215,96,51.85,41.46,19.42,3.4
Atar,100,MR,1579061217,23,20.52,-13.05,55.72,5.84
Lincoln,90,US,1579060921,86,40.8,-96.67,32.0,5.82
Daitari,0,IN,1579061220,61,21.1,85.75,68.4,3.24
Rocha,18,UY,1579061006,92,-34.48,-54.33,69.78,10.16
Coquimbo,99,CL,1579061151,87,-29.95,-71.34,59.0,8.05
Abnub,100,EG,1579061225,87,27.27,31.15,44.6,4.7
Dehloran,0,IR,1579061226,52,32.69,47.27,47.19,2.24
Fort Nelson,40,CA,1579061228,73,58.81,-122.7,-34.6,2.24
Gisborne,63,NZ,1579061229,54,-38.65,178.0,64.0,11.01
Taltal,99,CL,1579061230,88,-25.4,-70.48,59.76,1.59
Altagracia de Orituco,58,VE,1579061232,96,9.86,-66.38,65.59,4.16
Bilasipara,0,IN,1579061233,61,26.23,90.23,66.34,5.12
Arrondissement de Muret,0,FR,1579061235,76,43.33,1.25,50.0,12.75
Venice,90,US,1579061103,100,27.1,-82.45,73.0,4.7
Kaitangata,24,NZ,1579061238,72,-46.28,169.85,57.99,11.99
Muhafazat Lahij,46,YE,1579061239,79,13.17,44.58,69.42,9.46
Atherton,100,GB,1579061240,81,53.52,-2.49,44.6,8.05
Yar-Sale,100,RU,1579061242,92,66.83,70.83,1.58,22.24
Avanuorri,100,NO,1579061244,86,71.0,24.66,26.6,41.38
Banda Aceh,46,ID,1579061245,60,5.56,95.32,83.95,6.89
Golfito,51,CR,1579061247,90,8.64,-83.17,75.11,2.95
Maku,100,IR,1579061248,46,39.29,44.45,22.39,0.6
Baijiantan,100,CN,1579061250,91,45.63,85.18,14.56,1.39
Saint Anthony,40,US,1579061252,78,45.02,-93.22,18.0,5.82
Carnarvon,0,AU,1579061253,70,-24.87,113.63,86.0,11.41
Wellington,89,NZ,1579061255,59,-41.29,174.78,66.99,19.46
Roald,90,NO,1579061257,93,62.58,6.13,41.0,5.82
Namtsy,40,RU,1579061259,73,62.72,129.67,-29.2,2.24
Padang,76,ID,1579061260,66,-0.95,100.35,81.07,1.95
Faanui,77,PF,1579061262,80,-16.48,-151.75,81.05,16.71
Sambava,100,MG,1579061263,89,-14.27,50.17,73.17,3.11
Jumla,9,NP,1579061265,60,29.27,82.18,29.73,2.93
Kos,20,GR,1579060984,76,36.89,27.29,48.2,3.36
Show Low,1,US,1579061007,44,34.25,-110.03,48.2,16.11
Tiarei,75,PF,1579061269,74,-17.53,-149.33,84.2,5.82
Ponta do Sol,75,PT,1579061271,72,32.67,-17.1,62.6,6.93
Mar del Plata,0,AR,1579061273,83,-38.0,-57.56,75.99,5.82
Chimbote,0,PE,1579061275,78,-9.09,-78.58,70.23,3.76
Vila Velha,60,BR,1579061276,73,-20.33,-40.29,77.0,6.93
Qaqortoq,53,GL,1579061278,39,60.72,-46.03,12.2,5.82
Saldanha,28,ZA,1579061279,88,-33.01,17.94,64.4,6.93
Ishigaki,75,JP,1579061281,77,24.34,124.16,69.8,18.34
Chui,1,UY,1579061282,86,-33.7,-53.46,73.45,11.9
Rayevskiy,100,RU,1579061284,93,54.07,54.95,23.38,7.63
Menongue,100,AO,1579061286,96,-14.66,17.69,63.12,2.68
Antalaha,100,MG,1579061288,78,-14.9,50.28,81.25,14.03
Ikot Ekpene,0,NG,1579061289,90,5.18,7.71,78.48,3.18
Pindiga,0,NG,1579061291,27,9.98,10.93,68.83,10.29
Kidal,0,ML,1579061292,24,18.44,1.41,52.93,16.84
Paita,5,PE,1579061297,74,-5.09,-81.11,75.34,10.4
Bereda,20,ES,1579061299,82,43.27,-7.54,55.99,20.8
Ancud,20,CL,1579061300,93,-41.87,-73.82,44.6,2.24
Oistins,40,BB,1579061210,69,13.07,-59.53,78.8,25.28
Cranbrook,40,CA,1579061128,70,49.5,-115.77,-4.0,4.7
Puerto Ayora,27,EC,1579061305,74,-0.74,-90.35,77.0,5.01
Amalapuram,0,IN,1579061307,73,16.58,82.02,75.2,9.17
Salumbar,75,IN,1579061313,81,24.13,74.05,51.8,4.7
Shar,100,KZ,1579061314,83,49.59,81.05,15.69,11.43
Ulladulla,96,AU,1579061315,45,-35.35,150.47,87.01,13.87
Whitecourt,5,CA,1579061322,74,54.15,-115.69,-27.4,5.82
Jalu,100,LY,1579061323,84,29.03,21.55,54.14,7.47
Henties Bay,95,NA,1579061324,92,-22.12,14.28,64.99,1.99
Petawawa,90,CA,1579061326,92,45.9,-77.33,19.99,2.82
Richards Bay,1,ZA,1579061332,78,-28.78,32.04,76.62,5.66
Jiayuguan,100,CN,1579061333,45,39.82,98.3,23.61,3.76
Evansville,1,US,1579061047,100,37.97,-87.56,48.0,4.54
Tura,0,IN,1579061342,56,25.52,90.22,68.94,1.03
Whitehorse,5,CA,1579061056,65,60.72,-135.05,-34.01,3.36
Ouadda,0,CF,1579061349,28,8.08,22.4,63.09,3.87
Vila Franca do Campo,75,PT,1579061356,58,37.72,-25.43,59.0,17.22
Fairbanks,90,US,1579061358,84,64.84,-147.72,1.99,2.01
Katangli,0,RU,1579061359,80,51.71,143.23,5.88,12.84
Garden City,90,US,1579061150,88,42.33,-83.33,39.2,8.05
Praia da Vitoria,40,PT,1579061367,81,38.73,-27.07,53.6,20.96
Riverton,40,US,1579061141,79,40.52,-111.94,32.0,6.93
Pevek,100,RU,1579061374,72,69.7,170.31,2.73,3.96
Carutapera,0,BR,1579061388,76,-1.2,-46.02,82.33,10.83
Pacific Grove,1,US,1579061402,81,36.62,-121.92,51.01,5.82
Bakel,100,SN,1579061432,13,14.9,-12.46,68.52,11.63
Plettenberg Bay,44,ZA,1579061434,95,-34.05,23.37,69.3,6.71
Tatishchevo,85,RU,1579061435,76,51.67,45.6,28.0,1.99
Kotelnikowo,100,RU,1579061436,92,47.63,43.15,31.75,8.5
Poum,53,NC,1579061437,77,-20.23,164.02,80.42,23.09
Rantoul,90,US,1579061444,93,40.31,-88.16,37.4,3.36
Stornoway,37,GB,1579061450,70,58.21,-6.39,44.6,42.5
Isangel,75,VU,1579061456,66,-19.55,169.27,87.8,11.41
Velingara,44,SN,1579061458,18,13.15,-14.12,70.23,6.08
Touros,75,BR,1579061464,88,-5.2,-35.46,77.0,3.36
Wewak,100,PG,1579061465,66,-3.55,143.63,86.34,13.91
Klaksvik,84,FO,1579061466,87,62.23,-6.59,42.8,21.92
Dongzhen,51,CN,1579061468,69,22.38,110.94,73.99,4.45
Vestmannaeyjar,0,IS,1579061469,68,63.44,-20.27,37.06,29.86
Cumpas,100,MX,1579061470,31,29.98,-109.78,58.48,3.98
Eenhana,100,NA,1579061471,94,-17.47,16.33,71.6,3.36
Ribeira Grande,99,PT,1579061472,74,38.52,-28.7,54.91,19.66
Bonavista,100,CA,1579061473,80,48.65,-53.11,12.99,7.0
Ostrovnoy,100,RU,1579061474,94,68.05,39.51,25.81,14.45
Ojinaga,1,MX,1579061481,24,29.57,-104.42,55.4,9.17
Provincia di Imperia,90,IT,1579061482,53,43.97,7.78,50.0,12.75
Escanaba,90,US,1579061488,81,45.75,-87.06,33.01,5.82
La Ronge,90,CA,1579061490,74,55.1,-105.28,-22.0,4.7
Udachny,75,RU,1579061496,84,66.42,112.4,-0.4,2.24
Sao Joao da Barra,67,BR,1579061497,81,-21.64,-41.05,74.57,4.68
Tokur,99,RU,1579061498,96,53.13,132.9,-6.52,2.48
Pio IX,5,BR,1579061511,83,-6.84,-40.58,71.24,2.51
Mehamn,100,NO,1579061513,95,71.04,27.85,26.69,33.93
Hobyo,67,SO,1579061519,71,5.35,48.53,74.07,16.31
Berbera,46,SO,1579061520,75,10.44,45.01,75.22,10.27
Dunedin,0,NZ,1579061527,62,-45.87,170.5,59.0,15.99
Cayenne,91,GF,1579061528,88,4.93,-52.33,78.8,10.29
Tra Vinh,0,VN,1579061445,54,9.93,106.35,83.77,12.24
Takoradze,0,GH,1579061536,90,4.88,-1.76,76.73,1.95
Antofagasta,75,CL,1579061344,88,-23.65,-70.4,64.4,4.7
Matara,2,LK,1579061539,70,5.95,80.54,76.93,4.65
Kyzyl-Suu,69,KG,1579061544,66,42.34,78.0,19.71,7.72
Muroto,20,JP,1579061546,43,33.28,134.15,50.0,5.82
Rome,90,US,1579061439,93,43.21,-75.46,44.01,4.7
Saray,75,AZ,1579061548,100,40.53,49.72,37.4,4.18
Nederland,90,US,1579061554,100,29.97,-93.99,69.8,6.93
Shirokiy,96,RU,1579061556,90,49.76,129.52,-2.61,3.4
Sharya,95,RU,1579061557,96,58.37,45.51,25.43,7.72
Biankouma,0,CI,1579061558,27,7.74,-7.61,72.0,3.36
Eyrarbakki,20,IS,1579061560,64,63.86,-21.15,35.6,32.21
Barkhan,0,PK,1579061561,74,29.9,69.53,33.66,3.2
Wattegama,98,LK,1579061562,74,6.8,81.48,78.8,10.29
Pierre,90,US,1579061564,84,44.37,-100.35,10.0,14.99
Departamento de Maldonado,40,UY,1579061566,83,-34.67,-54.92,78.8,11.41
Havelock,1,US,1579061568,88,34.88,-76.9,66.2,3.36
Iberia,90,US,1579061569,100,29.95,-91.75,72.0,9.17
Hervey Bay,2,AU,1579061571,43,-25.3,152.85,89.01,14.99
Preobrazheniye,0,RU,1579061573,37,42.9,133.91,19.51,1.05
Coari,100,BR,1579061574,96,-4.08,-63.14,72.82,2.39
Pangody,78,RU,1579061576,84,65.85,74.49,-12.3,12.71
Baghdad,0,IQ,1579061514,69,33.34,44.4,39.2,5.82
Shingu,75,JP,1579061579,51,33.73,135.98,48.2,19.46
Liberty,20,US,1579061581,88,31.83,-81.5,66.99,3.36
Kawalu,16,ID,1579061583,62,-7.38,108.21,84.81,2.93
Tamworth,40,GB,1579061585,87,52.63,-1.7,44.6,8.05
Kiryat Gat,40,IL,1579061523,81,31.61,34.76,55.0,2.24
Sirte,75,LY,1579061596,83,31.21,16.59,54.48,15.37
Mto wa Mbu,54,TZ,1579061603,86,-3.35,35.85,66.15,1.79
Hasaki,75,JP,1579061605,100,35.73,140.83,46.0,6.93
Oranjemund,93,NA,1579061503,90,-28.55,16.43,65.71,7.54
Swift Current,90,CA,1579061607,74,50.28,-107.8,-22.0,8.05
Port Hardy,40,CA,1579061608,73,50.7,-127.42,23.0,17.22
Sibenik,0,HR,1579061610,65,43.73,15.91,44.6,3.36
Leh,100,IN,1579061611,83,34.17,77.58,-0.24,3.06
Renala Khurd,0,PK,1579061612,79,30.88,73.6,46.15,4.09
Jiehu,8,CN,1579061613,44,35.54,118.45,34.45,4.09
Karangsembung,5,ID,1579061614,62,-6.85,108.64,84.47,3.09
Barcelos,40,PT,1579061623,87,41.54,-8.62,57.2,27.51
Mnogovershinnyy,0,RU,1579061525,74,53.94,139.92,5.31,11.12
Nisibis,0,TR,1579061626,46,37.08,41.22,32.0,3.36
Lieksa,100,FI,1579061627,89,63.32,30.02,36.91,13.62
Paramonga,66,PE,1579061628,90,-10.67,-77.83,68.29,6.62
Cabo San Lucas,90,MX,1579061630,77,22.89,-109.91,70.0,0.58
Storm Lake,1,US,1579061632,100,42.64,-95.21,14.0,10.29
Sitka,1,US,1579061466,37,57.05,-135.33,19.4,6.93
Pochutla,5,MX,1579061634,74,15.74,-96.47,80.6,12.53
Hwange,100,ZW,1579061635,95,-18.37,26.5,67.32,6.35
Manakara,81,MG,1579061636,94,-22.13,48.02,74.35,2.53
Cabedelo,51,BR,1579061637,88,-6.98,-34.83,75.2,4.7
Yuci,100,CN,1579061639,45,37.68,112.73,24.8,2.24
Casino,91,AU,1579061640,45,-28.87,153.05,86.0,6.93
Westport,90,US,1579061641,100,41.14,-73.36,45.0,1.48
Den Helder,75,NL,1579061642,81,52.96,4.76,55.0,33.33
Zhuhai,20,CN,1579061644,73,22.28,113.57,72.0,12.75
Omboue,0,GA,1579061645,95,-1.57,9.26,75.78,0.96
Arrondissement de Carcassonne,75,FR,1579061647,76,43.25,2.17,55.0,14.99
Seoul,1,KR,1579061525,34,37.57,126.98,33.8,4.7
Togul,100,RU,1579061651,89,53.47,85.91,16.11,5.3
Eyl,0,SO,1579061653,67,7.98,49.82,74.68,26.17
Aracoiaba,100,BR,1579061655,86,-4.37,-38.81,74.26,1.07
Kumul,100,CN,1579061656,94,42.8,93.45,21.61,2.48
Kandrian,100,PG,1579061658,72,-6.22,149.55,83.82,9.31
Kharp,57,RU,1579061660,95,66.8,65.81,-0.44,6.58
Huarmey,62,PE,1579061536,83,-10.07,-78.15,67.23,2.06
Geraldton,0,AU,1579061397,55,-28.77,114.6,86.0,10.29
Kalabo,100,ZM,1579061665,96,-14.97,22.68,66.06,1.79
Aksha,37,RU,1579061666,83,50.28,113.29,-0.11,2.82
Dolgorukovo,50,RU,1579061667,98,52.32,38.35,27.66,6.26
Bethel,90,US,1579061668,93,41.37,-73.41,43.0,3.96
Terra Santa,100,BR,1579061670,86,-2.1,-56.49,75.27,1.81
Marsh Harbour,0,BS,1579061671,67,26.54,-77.06,73.53,10.36
Provincia di Mantova,75,IT,1579061672,93,45.17,10.78,42.01,2.24
Nagato,75,JP,1579061674,43,34.38,131.2,50.0,10.29
Weston,20,US,1579061676,78,26.1,-80.4,75.99,4.7
Chapais,90,CA,1579061678,84,49.78,-74.85,5.0,5.82
Januaria,23,BR,1579061679,74,-15.48,-44.37,71.64,1.83
Marabba,0,SD,1579061681,36,12.35,32.18,64.63,5.66
Amiens,46,FR,1579061683,76,49.9,2.3,50.0,21.92
San Rafael,100,AR,1579061568,66,-34.62,-68.33,73.8,7.38
Itupiranga,100,BR,1579061686,100,-5.13,-49.33,77.0,2.24
Alice Springs,24,AU,1579061636,9,-23.7,133.88,102.2,8.05
Vao,81,NC,1579061689,81,-22.67,167.48,78.58,17.43
Samarkand,90,UZ,1579061690,100,39.65,66.96,23.0,2.24
La Palma,1,US,1579061692,76,33.85,-118.05,57.2,5.73
Aswan,9,EG,1579061694,87,24.09,32.91,55.4,6.93
Bathsheba,40,BB,1579061718,69,13.22,-59.52,78.8,25.28
Fredericksburg,90,US,1579061720,100,38.3,-77.46,50.0,2.93
Grafton,90,US,1579061517,100,42.21,-71.69,39.2,3.36
Sola,100,VU,1579061725,84,-13.88,167.55,82.2,24.61
Kokuy,42,RU,1579061727,90,52.2,117.55,-9.02,1.23
Mount Isa,40,AU,1579061729,26,-20.73,139.5,104.0,11.41
Sao Borja,100,BR,1579061731,78,-28.66,-56.0,78.98,8.14
Marzuq,0,YE,1579061733,34,14.4,46.47,44.56,3.91
Souillac,75,MU,1579061735,83,-20.52,57.52,82.99,11.41
Taoudenni,86,ML,1579061737,34,22.68,-3.98,52.63,10.11
Dingle,31,PH,1579061739,80,11.0,122.67,81.5,15.37
San Quintin,69,MX,1579061741,83,30.48,-115.95,56.17,10.85
Batticaloa,100,LK,1579061742,74,7.71,81.69,73.58,3.8
Kloulklubed,75,PW,1579061745,74,7.04,134.26,84.2,8.05
Malatya,4,TR,1579061748,92,38.5,38.0,17.6,5.82
Karsava,100,LV,1579061750,86,56.78,27.69,38.05,12.21
Yining,100,CN,1579061752,92,29.04,114.56,38.97,3.49
San Francisco,75,US,1579061711,93,37.77,-122.42,48.99,7.23
Egvekinot,100,RU,1579061756,96,66.32,-179.17,16.72,2.77
Sorland,46,NO,1579061757,80,67.67,12.69,42.15,16.26
Khatanga,100,RU,1579061759,97,71.97,102.5,-2.87,8.93
Grand Gaube,75,MU,1579061761,83,-20.01,57.66,82.99,11.41
Laje,0,BR,1579061763,58,-10.18,-40.97,68.25,8.01
Mareeba,44,AU,1579061765,70,-17.0,145.43,91.99,10.29
Baza,100,ES,1579061766,61,37.41,-2.76,41.0,1.01
Zdvinsk,100,RU,1579061768,93,54.7,78.66,18.79,14.7
Turukhansk,100,RU,1579061770,98,65.82,87.98,-3.89,4.56
Kapit,62,MY,1579061771,65,2.02,112.93,87.08,1.68
Teya,100,RU,1579061773,87,60.38,92.63,11.35,8.88
Northam,100,GB,1579061775,83,51.03,-4.22,46.0,5.01
Bansdih,0,IN,1579061777,58,25.88,84.22,61.95,3.56
Hambantota,24,LK,1579061779,74,6.12,81.12,78.8,10.29
Wuda,100,CN,1579061781,79,39.5,106.71,15.21,2.73
Tabuk,87,PH,1579061529,80,17.42,121.44,75.43,6.85
Caxito,75,AO,1579061784,88,-8.58,13.66,78.8,4.7
Balabac,9,PH,1579061785,72,7.99,117.06,84.33,14.07
Vad,63,RU,1579061787,96,55.53,44.21,20.86,7.7
Rorvik,1,NO,1579061789,63,64.86,11.24,37.99,3.0
Wote,10,KE,1579061791,95,-1.78,37.63,62.24,3.47
Iqaluit,5,CA,1579061793,59,63.75,-68.51,-32.01,8.05
Mahriz,75,IR,1579061795,80,31.59,54.43,35.6,4.7
Polunochnoye,37,RU,1579061797,88,60.87,60.42,8.13,3.83
Tabou,64,CI,1579061800,92,4.42,-7.35,75.9,2.15
Chilliwack,90,CA,1579061666,72,49.17,-121.94,18.0,14.99
Iquitos,75,PE,1579061622,94,-3.75,-73.25,75.2,4.7
Yangi Marg`ilon,75,UZ,1579061806,85,40.43,71.72,33.8,2.24
Adre,0,TD,1579061808,23,13.47,22.2,60.31,4.88
Agadez,0,NE,1579061586,48,19.75,10.25,46.74,13.69
Moanda,0,GA,1579061813,85,-1.56,13.22,71.19,1.9
Coahuayana Viejo,40,MX,1579061814,78,18.73,-103.68,75.2,5.82
Bambanglipuro,97,ID,1579061815,64,-7.95,110.28,84.88,4.41
Taunggyi,0,MM,1579061818,51,20.78,97.03,67.62,2.82
Auki,100,SB,1579061819,78,-8.77,160.7,85.19,26.31
Santa Maria,75,BR,1579061820,94,-29.68,-53.81,77.0,2.24
Severomuysk,71,RU,1579061524,90,56.15,113.43,-4.2,1.99
Springdale,90,US,1579061705,87,36.19,-94.13,51.8,6.93
Qasigiannguit,79,GL,1579061824,49,68.82,-51.19,1.4,19.46
Annau,75,TM,1579061712,65,37.89,58.52,41.0,4.7
Izumo,75,JP,1579061828,86,35.37,132.77,44.6,6.93
Jinxiang,95,CN,1579061829,68,22.86,115.7,69.01,5.12
Kieta,85,PG,1579061831,68,-6.22,155.63,85.06,2.33
Lucapa,93,AO,1579061833,95,-8.42,20.74,64.36,2.19
Hong Kong,20,HK,1579061835,60,22.29,114.16,71.6,18.34
Samarai,92,PG,1579061837,68,-10.62,150.67,83.5,8.68
Port Moresby,40,PG,1579061838,62,-9.44,147.18,89.6,5.82
Chiredzi,97,ZW,1579061841,94,-21.05,31.67,68.7,4.94
Todos Santos,75,MX,1579061843,49,23.45,-110.22,70.0,11.41
Gotsucho,75,JP,1579061845,49,35.0,132.22,46.4,11.41
Alexandria,75,EG,1579061847,87,31.22,29.96,55.4,4.7
Bialystok,100,PL,1579061653,87,53.13,23.15,36.0,13.49
Pisco,75,PE,1579061850,83,-13.7,-76.22,71.6,6.93
Abha,20,SA,1579061851,33,18.22,42.51,42.8,6.93
Luba,20,GQ,1579061853,94,3.46,8.55,77.0,5.82
Bariloche,40,AR,1579061855,81,-41.15,-71.31,46.4,19.46
Broome,75,US,1579061856,93,42.25,-75.83,42.01,9.17
Husavik,90,IS,1579061857,97,66.04,-17.34,35.6,27.51
Arawa,85,PG,1579061859,68,-6.21,155.54,85.06,2.33
Coyhaique,40,CL,1579061860,93,-45.58,-72.07,41.0,3.36
Skegness,90,GB,1579061862,87,53.14,0.34,45.0,10.29
Berlevag,75,NO,1579061864,86,70.86,29.09,26.6,23.04
La Ciotat,75,FR,1579061866,71,43.17,5.6,55.4,11.41
Kerman,40,IR,1579061868,74,30.28,57.08,28.4,9.17
Bariadi,5,TZ,1579061870,86,-2.8,33.98,63.27,6.46
Florianopolis,75,BR,1579061871,83,-27.61,-48.5,79.0,10.29
Sawtell,100,AU,1579061873,61,-30.38,153.1,84.2,8.05
Ilhabela,0,BR,1579061644,75,-23.78,-45.36,76.91,13.87
Kahului,40,US,1579061618,64,20.89,-156.47,78.8,17.22
Greenwood,1,US,1579061880,100,34.17,-82.12,62.01,3.36
Tomatlan,100,MX,1579061882,81,19.93,-105.25,68.81,1.63
Romny,100,UA,1579061883,94,50.75,33.47,33.04,6.02
Nerchinskiy Zavod,4,RU,1579061885,88,51.31,119.61,-10.53,2.53
Haines Junction,76,CA,1579061887,97,60.75,-137.51,-18.04,5.75
Concepcion,0,CL,1579061667,67,-36.83,-73.05,57.2,14.99
Ust'-Ishim,98,RU,1579061891,96,57.69,71.17,13.37,3.02
Quatre Cocos,75,MU,1579061893,83,-20.21,57.76,82.99,11.41
Abu Kamal,60,SY,1579061895,55,34.45,40.92,42.28,1.25
Bijie,100,CN,1579061883,80,27.31,105.29,37.45,4.16
Hamina,75,FI,1579061899,93,60.57,27.2,39.2,12.75
Burnie,100,AU,1579061901,84,-41.07,145.92,68.0,8.99
Aykhal,75,RU,1579061903,84,66.0,111.5,-0.4,2.24
Ilulissat,79,GL,1579061905,49,69.22,-51.1,1.4,19.46
Pitkyaranta,100,RU,1579061908,92,61.57,31.48,38.44,23.31
Karaton,40,ID,1579061909,74,-6.34,106.1,89.01,8.05
San Bernardo,96,CL,1579061911,43,-33.6,-70.72,73.4,5.82
Tanout,0,NE,1579061912,21,14.97,8.89,59.27,20.69
Coromandel,100,BR,1579061914,87,-18.47,-47.2,70.38,3.78
Dudinka,20,RU,1579061915,75,69.41,86.18,-13.0,11.18
Mombetsu,20,JP,1579061918,73,44.35,143.35,26.6,3.36
Praia,100,CV,1579061919,83,14.92,-23.51,69.8,14.99
Pilar,56,BR,1579061922,88,-9.6,-35.96,73.4,3.36
Lahat,94,ID,1579061923,65,-3.8,103.53,80.22,3.31
Lebork,100,PL,1579061925,75,54.54,17.75,44.01,16.11
Arlit,0,NE,1579061927,26,18.74,7.39,55.72,14.72
Katobu,42,ID,1579061928,61,-4.94,122.53,88.66,4.45
Krizevci,90,HR,1579061929,100,46.02,16.54,28.0,1.12
Ahipara,37,NZ,1579061931,100,-35.17,173.17,70.0,10.89
Naze,40,JP,1579061933,55,28.37,129.48,64.4,11.41
Abancay,59,PE,1579061934,97,-13.63,-72.88,50.36,4.54
Bulungu,47,CD,1579061936,71,-4.55,18.6,73.11,1.59
Key West,1,US,1579061759,69,24.56,-81.78,77.0,11.41
Nanakuli,75,US,1579061938,73,21.39,-158.15,78.8,13.87
San Carlos del Zulia,29,VE,1579061941,81,9.0,-71.91,74.89,3.71
Eureka,90,US,1579061943,87,40.8,-124.16,43.0,5.82
Teberda,100,RU,1579061945,63,43.45,41.74,15.33,10.47
Songjianghe,0,CN,1579061947,72,42.19,127.48,14.97,2.8
Svetlaya,0,RU,1579061950,58,46.54,138.33,12.47,1.12
Port-Cartier,75,CA,1579061951,70,50.03,-66.87,0.0,5.82
Merced,1,US,1579061930,75,37.17,-120.75,46.99,8.05
Dodola,0,ET,1579061955,72,6.98,39.18,45.91,2.8
Portland,1,US,1579061657,73,45.52,-122.68,35.01,6.93
General Roca,0,AR,1579061958,37,-39.03,-67.58,68.0,4.7
Sao Jose da Coroa Grande,81,BR,1579061960,74,-8.9,-35.15,80.38,10.02
Luanda,75,AO,1579061921,88,-8.84,13.23,78.8,4.7
Varzea da Palma,85,BR,1579061964,88,-17.6,-44.73,69.4,6.87
Maragogi,81,BR,1579061965,74,-9.01,-35.22,80.38,10.02
Boyolangu,44,ID,1579061967,64,-8.12,111.89,86.05,4.09
Tutoia,100,BR,1579061969,94,-2.76,-42.27,74.34,2.06
Faya,0,SA,1579061970,41,18.39,42.45,42.8,5.82
Shumskiy,91,RU,1579061972,83,54.83,99.13,11.23,3.51
Palombara Sabina,0,IT,1579061973,83,42.07,12.77,45.0,3.36
Itaueira,86,BR,1579061975,91,-7.6,-43.03,73.31,1.88
Joshimath,0,IN,1579061977,47,30.57,79.57,29.59,7.31
Vestmanna,100,FO,1579061979,87,62.16,-7.17,42.8,24.16
Hailey,90,US,1579061981,100,43.52,-114.32,15.8,2.44
Huanan,0,CN,1579061983,87,46.22,130.52,2.07,2.64
Estevan,90,CA,1579061985,69,49.13,-102.98,-13.0,13.87
Noumea,75,NC,1579061987,49,-22.28,166.46,89.6,11.41
Polje,90,BA,1579061989,92,43.88,18.07,28.0,1.12
Novoagansk,95,RU,1579061990,96,61.94,76.66,-0.11,7.76
Iralaya,0,HN,1579061992,75,15.0,-83.23,81.12,24.23
Bontang,42,ID,1579061933,74,0.13,117.5,82.8,7.96
Yenotayevka,100,RU,1579061946,98,47.25,47.03,31.48,6.8
Fare,100,PF,1579061996,80,-16.7,-151.02,81.07,15.66
Maiduguri,0,NG,1579061949,36,11.85,13.16,65.21,10.27
Grojdibodu,5,RO,1579061998,100,43.75,24.27,26.6,2.24
Quang Ngai,0,VN,1579062000,68,15.12,108.8,73.99,3.6
Auch,31,FR,1579062001,93,43.65,0.58,50.0,12.75
Cockburn Town,0,TC,1579062002,75,21.46,-71.14,77.5,23.55
Pulaski,90,US,1579062003,100,34.77,-92.3,54.0,2.53
Patacamaya,100,BO,1579062005,91,-17.23,-67.92,45.1,8.41
Kipushi,96,CD,1579062008,98,-11.77,27.23,61.34,5.08
Griffith,1,US,1579062009,100,41.53,-87.42,33.01,2.84
Laas,5,IT,1579062011,85,46.62,10.7,28.99,4.41
Hohhot,94,CN,1579061726,55,40.81,111.65,8.6,4.47
Hawkesbury,90,CA,1579062014,85,45.6,-74.62,19.99,5.82
Nizwa,1,OM,1579062016,68,22.93,57.53,49.42,6.73
Portobelo,20,PA,1579062017,78,9.55,-79.65,79.0,3.36
Minab,20,IR,1579062019,54,27.15,57.08,55.4,9.17
Port-Gentil,56,GA,1579062021,79,-0.72,8.78,82.51,9.31
Marshall,90,US,1579062022,87,34.38,-86.33,63.0,3.36
